"page_id","user_id","page_name","page_title","page_description","avatar","cover","users_post","page_category","sub_category","website","facebook","google","vk","twitter","linkedin","company","phone","address","call_action_type","call_action_type_url","background_image","background_image_status","instgram","youtube","verified","active","registered","boosted","time"
"2","2","ranchovivo","Rancho Vivo (Ecoaldea, Mexico)","Rancho Vivo, centro educativo campesino/ ecoaldea donde se esta implementando un ejemplo de diseño de permacultura, desarrollo sustentable y autosuficiencia alimentaria. Toda persona interesada puede unirse al proyecto e instalarse en el Rancho.","upload/photos/2023/02/XEc3RvqUdJ4bt5KoneEQ_03_e7806afff124eaabc8593cd32848d3c0_avatar.jpg","upload/photos/2023/02/H5GxSFpax9IMEfee5uR3_03_6f63b8133f3afa6d487d1998f9a104f4_cover.jpg","0","30","50","","","","","","","","+522337599278","Angel Albino Corzo, Chiapas, Mexico","1","","upload/photos/2023/04/bdnTcunpXkXyEMzpgDpQ_27_8ce92c106b9d928403aa3589234cd1a5_background_image.jpg","1","","","1","1","2/2023","0","1675382037"
"3","2","casaviva","Casa Viva (ecocasa)","Hogar dulce hogar.   <br>Les compartimos nuestra casita con elementos de bioconstrucción, acostada sobre rocas que levantan un segundo piso de madera.   <br>Visitanos cuando gustes.","upload/photos/2023/02/dbTQJwfiyX4IgVeyXXEu_20_d4d0619fe268bc38bcd5f1731497087e_avatar.jpg","upload/photos/2023/02/FtGTDDGTNyWbizO9Ko5b_20_d4d0619fe268bc38bcd5f1731497087e_cover.jpg","0","28","34","","","","","","","","","Cuetzalan, Puebla, Mexico","1","","upload/photos/2023/02/1FBBjdTsU3PoHV9GOeTh_20_8091874d23a5d092eed98acb1141f67f_background_image.jpg","1","","","0","1","2/2023","0","1676866727"
"6","2","disenopermacultural","Diseño permacultural","Pagina educativa de diseño permacultural altruista.   <br>Descubre o fortalece los principios basicos de permacultura hablando de ellos y compartiendo experiencias.  <br>La permacultura no es solo un conjunto de tecnicas, es una forma de ver la vida.","upload/photos/2023/05/WfKFsylZoRGsURHCfRWn_24_d5dbf8a6aa75e703ffaf7170f068e8d0_avatar.png","upload/photos/2023/05/k5irVcYX45ABSllYzNB6_24_d5dbf8a6aa75e703ffaf7170f068e8d0_cover.jpg","0","26","26","","","","","","","","","","0","","","0","","","0","1","5/2023","0","1684882088"
"8","2","cantandoando","Cantando ando","Espacio para compartir aquellas canciones que nos inspiran, que hablan desde dentro.  <br>Solo comprendiéndonos realmente construiremos armonía.   <br>¡Sentimientos al ritmo de los tambores!","upload/photos/2023/06/gHKslWj6CXLDpxCROstK_01_7c9b31a971f28442cbeae87ed5c9a26b_avatar.jpg","upload/photos/2023/06/D771gb1wtgapWcn2dyDd_01_7c9b31a971f28442cbeae87ed5c9a26b_cover.JPG","1","25","17","","","","","","","","","","3","","","0","","","0","1","6/2023","0","1685659300"
"9","2","ecotubers","Ecotubers","Colección de Youtubers comprometidos con el desarrollo sostenible.","upload/photos/2023/06/J4ZMKhAxqo35TW9zE7Pz_01_b848e48a2545be9b32c4b710519b6d83_avatar.jpg","upload/photos/2023/06/rZW825VRswWLqD6NPRYi_01_b848e48a2545be9b32c4b710519b6d83_cover.jpg","0","26","26","","","","","","","","","","0","","","0","","","0","1","6/2023","0","1685660608"
"10","2","biblioteco","BibliotEco","Biblioteca ecológica y consciente. Espacio para compartir documentos, documentales, webs y apps, con contenido educativo de nuestros orígenes, descubrimientos, teorías y técnicas útiles en el camino a la sostenibilidad.","upload/photos/2023/06/d5AckRu2O2TrOp6wiyjc_02_e9908267f1204a2f1e5350bbbed3dcca_avatar.jpg","upload/photos/2023/06/NNQ323OU7gt7skU63WKe_02_e9908267f1204a2f1e5350bbbed3dcca_cover.jpg","0","26","28","","","","","","","","","","0","","","0","","","0","1","6/2023","0","1685665183"
"11","53","thebreak","The Break Fellowship","","upload/photos/d-page.jpg","upload/photos/d-cover.jpg","0","30","66","","","","","","","","","","1","","","0","","","0","1","7/2023","0","1690387747"
"12","325","RevolutionaryRecipes","Revolutionary Recipes","Descubre lo que tenemos.","upload/photos/d-page.jpg","upload/photos/d-cover.jpg","1","2","2","","","","","","","","","","1","","","0","","","0","1","1/2025","0","1737624022"
"13","289","greensoc","green socity","aaaaa","upload/photos/d-page.jpg","upload/photos/d-cover.jpg","0","2","1","","","","","","","","","","0","","","0","","","0","1","2/2025","0","1739802572"
"14","1124","dmtvapesforsaleaustralia","where can i buy dmt vapes pens c","WhatsApp +1(913) 278-4569 <br> <br>buyvenomonlineglobal.com is an exceptional platform for all types of venom delivery needs across the world. Renowned for its reliability and quality, this trusted source specializes in providing a wide range of venom products, including antivenom for snakes, spiders, scorpions, and other venomous creatures. <br> WhatsApp +1(913) 278-4569 <br>https://buyvenomonlineglobal.com/product-category/dmt/ <br>https://buyvenomonlineglobal.com/product/bufo-toad-venom-online/ <br>https://buyvenomonlineglobal.com/product/colorado-river-toad-venom-online/ <br>https://buyvenomonlineglobal.com/product/buy-dmt-vapes-for-sale-online/ <br>https://buyvenomonlineglobal.com/product/crotalus-durissus/ <br>https://buyvenomonlineglobal.com/product/5-meo-dmt-for-sale-online/ <br>https://buyvenomonlineglobal.com/product-category/buy-antivenom-online/ <br>https://buyvenomonlineglobal.com/product-category/2c-b-powder <br>https://buyvenomonlineglobal.com/shop/ <br>https://buyvenomo","upload/photos/d-page.jpg","upload/photos/2025/07/36OxNfMhxY3CkQgcTPkI_27_02d861275c39f847a1a8ccfa1968ef4c_cover.jpg","0","2","1","","","","","","","","","","0","","","0","","","0","1","7/2025","0","1753634281"
"15","1168","LiquidRedMercuryusa","BUY RED MERCURY ONLINE India Mum","WhatsApp:+7903-596-73-09 <br> <br>torus-mercury.com is the largest  chemical exporter to more than 40 countries <br>https://torus-mercury.com/ <br>https://torus-mercury.com/product/buy-ssd-solution-chemical-sale-online/ <br>https://torus-mercury.com/product/buy-ssd-activation-powder-sale-online/ <br>https://torus-mercury.com/product/buy-silver-mercury-for-sale-online/ <br>https://torus-mercury.com/product/buy-red-liquid-mercury-for-sale-online/ <br>https://torus-mercury.com/product/buy-raw-cinnabar-for-sal-online/ <br>https://torus-mercury.com/product/buy-red-mercury-27-27-for-sale-online/ <br>https://torus-mercury.com/product/buy-phenylacetone-oil-for-sale-online/ <br>https://torus-mercury.com/product/comprar-mercurio-rojo-online/ <br>https://torus-mercury.com/product/buy-anti-iron-chemical-for-sale-online/ <br>https://torus-mercury.com/product/buy-anti-iron-coin-for-sale-online/ <br>https://torus-mercury.com/product/buy-black-mercury-for-sale-online/ <br>https://torus-mercury.com/pro","upload/photos/d-page.jpg","upload/photos/d-cover.jpg","0","24","14","","","","","","","","","","0","","","0","","","0","1","8/2025","0","1754061816"
